model,metric,vision_corruption,image_severity,text_corruption,text_severity,seed_a,seed_b,spearman_rho,p,n
openai_clip_b32,per_pair_recall_at_1_i2t,cutout,1,none,0,0,1,-0.05871082250386328,0.06347092539904854,1000
openai_clip_b32,per_pair_recall_at_1_i2t,cutout,1,none,0,0,2,-0.02145933161720378,0.4978776103289582,1000
openai_clip_b32,per_pair_recall_at_1_i2t,cutout,1,none,0,1,2,-0.07939554913316181,0.012020800760224193,1000
openai_clip_b32,per_pair_recall_at_1_i2t,cutout,2,none,0,0,1,-0.041831304675802254,0.1862527173400996,1000
openai_clip_b32,per_pair_recall_at_1_i2t,cutout,2,none,0,0,2,-0.021660322719796243,0.49385953904630364,1000
openai_clip_b32,per_pair_recall_at_1_i2t,cutout,2,none,0,1,2,0.035477702938872466,0.2623503792050112,1000
openai_clip_b32,per_pair_recall_at_1_i2t,cutout,3,none,0,0,1,-0.027411596896246997,0.3865398740784928,1000
openai_clip_b32,per_pair_recall_at_1_i2t,cutout,3,none,0,0,2,0.062228762463075994,0.04914956957034368,1000
openai_clip_b32,per_pair_recall_at_1_i2t,cutout,3,none,0,1,2,-0.006048146962779055,0.84850856407452,1000
openai_clip_b32,per_pair_recall_at_1_i2t,cutout,4,none,0,0,1,0.05524713288902948,0.08077335272976789,1000
openai_clip_b32,per_pair_recall_at_1_i2t,cutout,4,none,0,0,2,-0.011992802177368022,0.704847530283669,1000
openai_clip_b32,per_pair_recall_at_1_i2t,cutout,4,none,0,1,2,0.040630870506320735,0.1992175155910135,1000
openai_clip_b32,per_pair_recall_at_1_i2t,cutout,5,none,0,0,1,0.017771300301158737,0.5745798805346654,1000
openai_clip_b32,per_pair_recall_at_1_i2t,cutout,5,none,0,0,2,0.027994021384488286,0.37652630520582414,1000
openai_clip_b32,per_pair_recall_at_1_i2t,cutout,5,none,0,1,2,-0.02488656004430749,0.43179743085831035,1000
openai_clip_b32,per_pair_recall_at_1_i2t,gaussian_blur,1,none,0,0,1,-0.05907320817481743,0.061852260528109444,1000
openai_clip_b32,per_pair_recall_at_1_i2t,gaussian_blur,1,none,0,0,2,-0.017067784590617027,0.5898213365791893,1000
openai_clip_b32,per_pair_recall_at_1_i2t,gaussian_blur,1,none,0,1,2,-0.06476852804778518,0.040584561686083084,1000
openai_clip_b32,per_pair_recall_at_1_i2t,gaussian_blur,2,none,0,0,1,-0.026939211142900522,0.3947795648644786,1000
openai_clip_b32,per_pair_recall_at_1_i2t,gaussian_blur,2,none,0,0,2,-0.017006027644454035,0.5911681175727733,1000
openai_clip_b32,per_pair_recall_at_1_i2t,gaussian_blur,2,none,0,1,2,-0.0826757551261184,0.008905883908231911,1000
openai_clip_b32,per_pair_recall_at_1_i2t,gaussian_blur,3,none,0,0,1,0.029650733586974072,0.34892743508804513,1000
openai_clip_b32,per_pair_recall_at_1_i2t,gaussian_blur,3,none,0,0,2,-0.00039616004992839557,0.990017118766351,1000
openai_clip_b32,per_pair_recall_at_1_i2t,gaussian_blur,3,none,0,1,2,-0.07047114830973594,0.02584871237731131,1000
openai_clip_b32,per_pair_recall_at_1_i2t,gaussian_blur,4,none,0,0,1,0.01577309149071629,0.6183458346287615,1000
openai_clip_b32,per_pair_recall_at_1_i2t,gaussian_blur,4,none,0,0,2,0.04693095727855313,0.13806160422777838,1000
openai_clip_b32,per_pair_recall_at_1_i2t,gaussian_blur,4,none,0,1,2,-0.052740157696268025,0.09554136484268656,1000
openai_clip_b32,per_pair_recall_at_1_i2t,gaussian_blur,5,none,0,0,1,0.050160199643169125,0.11291662432712508,1000
openai_clip_b32,per_pair_recall_at_1_i2t,gaussian_blur,5,none,0,0,2,-0.01655532965437119,0.6010392911607656,1000
openai_clip_b32,per_pair_recall_at_1_i2t,gaussian_blur,5,none,0,1,2,-0.030949910418125625,0.3282067803584595,1000
openai_clip_b32,per_pair_recall_at_1_i2t,gaussian_noise,1,none,0,0,1,-0.025954177617782615,0.4122989166511808,1000
openai_clip_b32,per_pair_recall_at_1_i2t,gaussian_noise,1,none,0,0,2,-0.0027113314402143394,0.9317583638590127,1000
openai_clip_b32,per_pair_recall_at_1_i2t,gaussian_noise,1,none,0,1,2,-0.06611848838501043,0.03657084518807435,1000
openai_clip_b32,per_pair_recall_at_1_i2t,gaussian_noise,2,none,0,0,1,-0.02584577365000927,0.4142546577238279,1000
openai_clip_b32,per_pair_recall_at_1_i2t,gaussian_noise,2,none,0,0,2,0.006728828502419761,0.8317009762546708,1000
openai_clip_b32,per_pair_recall_at_1_i2t,gaussian_noise,2,none,0,1,2,-0.04634976995680838,0.14301304162213477,1000
openai_clip_b32,per_pair_recall_at_1_i2t,gaussian_noise,3,none,0,0,1,-0.0024095665269110345,0.9393379544326724,1000
openai_clip_b32,per_pair_recall_at_1_i2t,gaussian_noise,3,none,0,0,2,0.01976537634432768,0.5324205226589619,1000
openai_clip_b32,per_pair_recall_at_1_i2t,gaussian_noise,3,none,0,1,2,-0.06673192220665092,0.034861664682932184,1000
openai_clip_b32,per_pair_recall_at_1_i2t,gaussian_noise,4,none,0,0,1,-0.00991447889122929,0.7541751230502528,1000
openai_clip_b32,per_pair_recall_at_1_i2t,gaussian_noise,4,none,0,0,2,-0.004486171306912546,0.8873260807391903,1000
openai_clip_b32,per_pair_recall_at_1_i2t,gaussian_noise,4,none,0,1,2,-0.04992448248779624,0.11462073254869712,1000
openai_clip_b32,per_pair_recall_at_1_i2t,gaussian_noise,5,none,0,0,1,0.00025046734632805666,0.9936883467320494,1000
openai_clip_b32,per_pair_recall_at_1_i2t,gaussian_noise,5,none,0,0,2,-0.02956934669594375,0.3502525225140054,1000
openai_clip_b32,per_pair_recall_at_1_i2t,gaussian_noise,5,none,0,1,2,-0.07795016048103982,0.013675728094716705,1000
openai_clip_b32,per_pair_recall_at_1_t2i,none,0,mask,1,0,1,0.010429389037129446,0.7418513249852253,1000
openai_clip_b32,per_pair_recall_at_1_t2i,none,0,mask,1,0,2,-0.007296685978945108,0.8177374925410593,1000
openai_clip_b32,per_pair_recall_at_1_t2i,none,0,mask,1,1,2,0.054649824280097056,0.08411224713018405,1000
openai_clip_b32,per_pair_recall_at_1_t2i,none,0,mask,2,0,1,-0.010613672166766713,0.7374565399245132,1000
openai_clip_b32,per_pair_recall_at_1_t2i,none,0,mask,2,0,2,-0.07068910870620414,0.025391959667773165,1000
openai_clip_b32,per_pair_recall_at_1_t2i,none,0,mask,2,1,2,0.029859631261454984,0.3455408779044698,1000
openai_clip_b32,per_pair_recall_at_1_t2i,none,0,mask,3,0,1,-0.058589131186223393,0.06402225932118948,1000
openai_clip_b32,per_pair_recall_at_1_t2i,none,0,mask,3,0,2,0.006725836005944192,0.8317747058489535,1000
openai_clip_b32,per_pair_recall_at_1_t2i,none,0,mask,3,1,2,-0.021390680185780463,0.49925401050435053,1000
openai_clip_b32,per_pair_recall_at_1_t2i,none,0,mask,4,0,1,-0.027422121375725056,0.38635750013221065,1000
openai_clip_b32,per_pair_recall_at_1_t2i,none,0,mask,4,0,2,-0.05490935997090277,0.08264801293206567,1000
openai_clip_b32,per_pair_recall_at_1_t2i,none,0,mask,4,1,2,-0.025976754951071525,0.41189228258311505,1000
openai_clip_b32,per_pair_recall_at_1_t2i,none,0,mask,5,0,1,0.010278910559909942,0.7454461886865624,1000
openai_clip_b32,per_pair_recall_at_1_t2i,none,0,mask,5,0,2,0.042738792628228,0.17687296945019196,1000
openai_clip_b32,per_pair_recall_at_1_t2i,none,0,mask,5,1,2,0.006890141752606328,0.8277287199883613,1000
openai_clip_b32,per_pair_recall_at_1_t2i,none,0,replace,1,0,1,-0.022370923646253635,0.4797937342277629,1000
openai_clip_b32,per_pair_recall_at_1_t2i,none,0,replace,1,0,2,-0.0146632817990353,0.6432650002057878,1000
openai_clip_b32,per_pair_recall_at_1_t2i,none,0,replace,1,1,2,0.03396961258947978,0.2831905169853186,1000
openai_clip_b32,per_pair_recall_at_1_t2i,none,0,replace,2,0,1,-0.040081298097796265,0.2053679157154268,1000
openai_clip_b32,per_pair_recall_at_1_t2i,none,0,replace,2,0,2,-0.01602931351297359,0.6126531186297102,1000
openai_clip_b32,per_pair_recall_at_1_t2i,none,0,replace,2,1,2,0.06905698646742293,0.028988005924585666,1000
openai_clip_b32,per_pair_recall_at_1_t2i,none,0,replace,3,0,1,-0.01839296409312466,0.5612685759023248,1000
openai_clip_b32,per_pair_recall_at_1_t2i,none,0,replace,3,0,2,-0.02623844385423693,0.4071964327669543,1000
openai_clip_b32,per_pair_recall_at_1_t2i,none,0,replace,3,1,2,-0.03328670328078978,0.29298638372321917,1000
openai_clip_b32,per_pair_recall_at_1_t2i,none,0,replace,4,0,1,-0.024833865952573565,0.43277343213619546,1000
openai_clip_b32,per_pair_recall_at_1_t2i,none,0,replace,4,0,2,-0.036745981726604926,0.24566275919051797,1000
openai_clip_b32,per_pair_recall_at_1_t2i,none,0,replace,4,1,2,-0.003236867281650207,0.9185733407235982,1000
openai_clip_b32,per_pair_recall_at_1_t2i,none,0,replace,5,0,1,-0.01878666372691011,0.5529162973887808,1000
openai_clip_b32,per_pair_recall_at_1_t2i,none,0,replace,5,0,2,-0.015092486692378799,0.6335782137612356,1000
openai_clip_b32,per_pair_recall_at_1_t2i,none,0,replace,5,1,2,0.04666308327942833,0.14032712167251807,1000
openai_clip_b32,per_pair_recall_at_1_t2i,none,0,shuffle,1,0,1,0.019668275056130353,0.5344366876044419,1000
openai_clip_b32,per_pair_recall_at_1_t2i,none,0,shuffle,1,0,2,-0.01750619718288299,0.5803013849519597,1000
openai_clip_b32,per_pair_recall_at_1_t2i,none,0,shuffle,1,1,2,0.04854820821274987,0.12497708648919008,1000
openai_clip_b32,per_pair_recall_at_1_t2i,none,0,shuffle,2,0,1,-0.018719638597253233,0.5543339171229443,1000
openai_clip_b32,per_pair_recall_at_1_t2i,none,0,shuffle,2,0,2,-0.046144409060568485,0.14479478207716348,1000
openai_clip_b32,per_pair_recall_at_1_t2i,none,0,shuffle,2,1,2,0.0516772182768225,0.10242177442932583,1000
openai_clip_b32,per_pair_recall_at_1_t2i,none,0,shuffle,3,0,1,0.021451578768977,0.49803294697703776,1000
openai_clip_b32,per_pair_recall_at_1_t2i,none,0,shuffle,3,0,2,-0.024121467473486924,0.44609306645186164,1000
openai_clip_b32,per_pair_recall_at_1_t2i,none,0,shuffle,3,1,2,0.0896480363561958,0.004552702056554366,1000
openai_clip_b32,per_pair_recall_at_1_t2i,none,0,shuffle,4,0,1,-0.05415097772729249,0.08698545797891924,1000
openai_clip_b32,per_pair_recall_at_1_t2i,none,0,shuffle,4,0,2,-0.014991929982196043,0.6358421540804935,1000
openai_clip_b32,per_pair_recall_at_1_t2i,none,0,shuffle,4,1,2,0.01251689266641941,0.6925924781760667,1000
openai_clip_b32,per_pair_recall_at_1_t2i,none,0,shuffle,5,0,1,0.025714508806373878,0.4166301569299189,1000
openai_clip_b32,per_pair_recall_at_1_t2i,none,0,shuffle,5,0,2,-0.03661303060518458,0.24737637883188698,1000
openai_clip_b32,per_pair_recall_at_1_t2i,none,0,shuffle,5,1,2,0.024873076734732304,0.4320470477365824,1000
openai_clip_l14,per_pair_recall_at_1_i2t,cutout,1,none,0,0,1,-0.006075950636534191,0.8478206239142161,1000
openai_clip_l14,per_pair_recall_at_1_i2t,cutout,1,none,0,0,2,0.016588875211722153,0.6003020224827591,1000
openai_clip_l14,per_pair_recall_at_1_i2t,cutout,1,none,0,1,2,-0.04197345688262336,0.18475967358535023,1000
openai_clip_l14,per_pair_recall_at_1_i2t,cutout,2,none,0,0,1,0.03625566779039239,0.2520238239036396,1000
openai_clip_l14,per_pair_recall_at_1_i2t,cutout,2,none,0,0,2,0.048958134969743154,0.12181896785272779,1000
openai_clip_l14,per_pair_recall_at_1_i2t,cutout,2,none,0,1,2,-0.025490812701061544,0.4206968212178478,1000
openai_clip_l14,per_pair_recall_at_1_i2t,cutout,3,none,0,0,1,0.05914672377708129,0.06152808664076818,1000
openai_clip_l14,per_pair_recall_at_1_i2t,cutout,3,none,0,0,2,0.03967389138703675,0.21001543842645234,1000
openai_clip_l14,per_pair_recall_at_1_i2t,cutout,3,none,0,1,2,-0.011001924945429946,0.728225639858302,1000
openai_clip_l14,per_pair_recall_at_1_i2t,cutout,4,none,0,0,1,0.05489582766901864,0.08272384555493681,1000
openai_clip_l14,per_pair_recall_at_1_i2t,cutout,4,none,0,0,2,0.04868291253369025,0.1239323547230928,1000
openai_clip_l14,per_pair_recall_at_1_i2t,cutout,4,none,0,1,2,-0.04867703570301357,0.12397779148123227,1000
openai_clip_l14,per_pair_recall_at_1_i2t,cutout,5,none,0,0,1,-0.0015416788201945868,0.9611653741392804,1000
openai_clip_l14,per_pair_recall_at_1_i2t,cutout,5,none,0,0,2,0.04329865672225847,0.1712642264985756,1000
openai_clip_l14,per_pair_recall_at_1_i2t,cutout,5,none,0,1,2,-0.06586657024005199,0.03729312642804877,1000
openai_clip_l14,per_pair_recall_at_1_i2t,gaussian_blur,1,none,0,0,1,0.04365794599328973,0.16773555822844058,1000
openai_clip_l14,per_pair_recall_at_1_i2t,gaussian_blur,1,none,0,0,2,-0.030180214295331194,0.3403845610081927,1000
openai_clip_l14,per_pair_recall_at_1_i2t,gaussian_blur,1,none,0,1,2,-0.030162051608560992,0.3406753708535441,1000
openai_clip_l14,per_pair_recall_at_1_i2t,gaussian_blur,2,none,0,0,1,0.06926886217916285,0.028497744966045006,1000
openai_clip_l14,per_pair_recall_at_1_i2t,gaussian_blur,2,none,0,0,2,-0.011966479027212729,0.7054651108589256,1000
openai_clip_l14,per_pair_recall_at_1_i2t,gaussian_blur,2,none,0,1,2,-0.029640401560357514,0.349095477882754,1000
openai_clip_l14,per_pair_recall_at_1_i2t,gaussian_blur,3,none,0,0,1,0.003760154439730443,0.9054669060592344,1000
openai_clip_l14,per_pair_recall_at_1_i2t,gaussian_blur,3,none,0,0,2,0.03465648682477087,0.27356371848860755,1000
openai_clip_l14,per_pair_recall_at_1_i2t,gaussian_blur,3,none,0,1,2,-0.031532413970177156,0.3191806481982187,1000
openai_clip_l14,per_pair_recall_at_1_i2t,gaussian_blur,4,none,0,0,1,0.0034259382954095648,0.91383506280871,1000
openai_clip_l14,per_pair_recall_at_1_i2t,gaussian_blur,4,none,0,0,2,0.04545655984814672,0.15088647827092505,1000
openai_clip_l14,per_pair_recall_at_1_i2t,gaussian_blur,4,none,0,1,2,-0.04450933898485155,0.15959187244950684,1000
openai_clip_l14,per_pair_recall_at_1_i2t,gaussian_blur,5,none,0,0,1,0.007247378621721808,0.8189477299611082,1000
openai_clip_l14,per_pair_recall_at_1_i2t,gaussian_blur,5,none,0,0,2,0.06750666757926486,0.032800764446276734,1000
openai_clip_l14,per_pair_recall_at_1_i2t,gaussian_blur,5,none,0,1,2,-0.019133234053862778,0.5456145841792489,1000
openai_clip_l14,per_pair_recall_at_1_i2t,gaussian_noise,1,none,0,0,1,-0.0036427274101740034,0.9084059169083261,1000
openai_clip_l14,per_pair_recall_at_1_i2t,gaussian_noise,1,none,0,0,2,0.008033501660927563,0.7997057104101946,1000
openai_clip_l14,per_pair_recall_at_1_i2t,gaussian_noise,1,none,0,1,2,0.013743038702708956,0.6642376189868253,1000
openai_clip_l14,per_pair_recall_at_1_i2t,gaussian_noise,2,none,0,0,1,-0.000508809402926332,0.9871786721379708,1000
openai_clip_l14,per_pair_recall_at_1_i2t,gaussian_noise,2,none,0,0,2,0.0006109907530728845,0.9846041289065304,1000
openai_clip_l14,per_pair_recall_at_1_i2t,gaussian_noise,2,none,0,1,2,-0.019002822489956064,0.5483565463471255,1000
openai_clip_l14,per_pair_recall_at_1_i2t,gaussian_noise,3,none,0,0,1,-0.008523178802921994,0.7877801152307072,1000
openai_clip_l14,per_pair_recall_at_1_i2t,gaussian_noise,3,none,0,0,2,0.015252975695113637,0.6299720467382782,1000
openai_clip_l14,per_pair_recall_at_1_i2t,gaussian_noise,3,none,0,1,2,-0.03352106672968776,0.28959931626141,1000
openai_clip_l14,per_pair_recall_at_1_i2t,gaussian_noise,4,none,0,0,1,-0.020494842406591895,0.5173981882608237,1000
openai_clip_l14,per_pair_recall_at_1_i2t,gaussian_noise,4,none,0,0,2,0.011439023355626646,0.7178803713744235,1000
openai_clip_l14,per_pair_recall_at_1_i2t,gaussian_noise,4,none,0,1,2,-0.05473173498475738,0.08364788051867075,1000
openai_clip_l14,per_pair_recall_at_1_i2t,gaussian_noise,5,none,0,0,1,0.06894605725100876,0.029247564872879914,1000
openai_clip_l14,per_pair_recall_at_1_i2t,gaussian_noise,5,none,0,0,2,-0.020904422537699106,0.5090605340839284,1000
openai_clip_l14,per_pair_recall_at_1_i2t,gaussian_noise,5,none,0,1,2,-0.04254288847931332,0.17886747854025736,1000
openai_clip_l14,per_pair_recall_at_1_t2i,none,0,mask,1,0,1,0.007391991656358713,0.8153994687714811,1000
openai_clip_l14,per_pair_recall_at_1_t2i,none,0,mask,1,0,2,-0.040548154649150264,0.20013451831700313,1000
openai_clip_l14,per_pair_recall_at_1_t2i,none,0,mask,1,1,2,-0.04334655670604079,0.17079060835760637,1000
openai_clip_l14,per_pair_recall_at_1_t2i,none,0,mask,2,0,1,0.016802908235088728,0.5956076229821043,1000
openai_clip_l14,per_pair_recall_at_1_t2i,none,0,mask,2,0,2,-0.020932620689339033,0.5084891129928376,1000
openai_clip_l14,per_pair_recall_at_1_t2i,none,0,mask,2,1,2,-0.0460951836514731,0.14522438139269012,1000
openai_clip_l14,per_pair_recall_at_1_t2i,none,0,mask,3,0,1,0.012217856249971876,0.6995753887748283,1000
openai_clip_l14,per_pair_recall_at_1_t2i,none,0,mask,3,0,2,-0.04723951841845118,0.13548698194603948,1000
openai_clip_l14,per_pair_recall_at_1_t2i,none,0,mask,3,1,2,-0.03117305242211162,0.3247297532054049,1000
openai_clip_l14,per_pair_recall_at_1_t2i,none,0,mask,4,0,1,0.015363359390799865,0.6274968334639283,1000
openai_clip_l14,per_pair_recall_at_1_t2i,none,0,mask,4,0,2,0.015541376047383981,0.6235138500371125,1000
openai_clip_l14,per_pair_recall_at_1_t2i,none,0,mask,4,1,2,-0.03707556798867222,0.24145058567608976,1000
openai_clip_l14,per_pair_recall_at_1_t2i,none,0,mask,5,0,1,-0.028223207869889983,0.3726301406658041,1000
openai_clip_l14,per_pair_recall_at_1_t2i,none,0,mask,5,0,2,0.006886285677879343,0.8278236229706039,1000
openai_clip_l14,per_pair_recall_at_1_t2i,none,0,mask,5,1,2,-0.010149468139369254,0.7485429479083118,1000
openai_clip_l14,per_pair_recall_at_1_t2i,none,0,replace,1,0,1,-0.03135706131235304,0.3218805807686842,1000
openai_clip_l14,per_pair_recall_at_1_t2i,none,0,replace,1,0,2,-0.01485027539173122,0.6390371434846573,1000
openai_clip_l14,per_pair_recall_at_1_t2i,none,0,replace,1,1,2,0.0015648272354578687,0.9605827399005403,1000
openai_clip_l14,per_pair_recall_at_1_t2i,none,0,replace,2,0,1,-0.027461751819054487,0.38567123279165827,1000
openai_clip_l14,per_pair_recall_at_1_t2i,none,0,replace,2,0,2,-0.026969022489362268,0.3942564593480444,1000
openai_clip_l14,per_pair_recall_at_1_t2i,none,0,replace,2,1,2,0.01100249348978782,0.7282121508792377,1000
openai_clip_l14,per_pair_recall_at_1_t2i,none,0,replace,3,0,1,-0.03526892687200563,0.2651706103172321,1000
openai_clip_l14,per_pair_recall_at_1_t2i,none,0,replace,3,0,2,-0.05968228072325232,0.05920864787626425,1000
openai_clip_l14,per_pair_recall_at_1_t2i,none,0,replace,3,1,2,0.012998556543141018,0.6813998304758584,1000
openai_clip_l14,per_pair_recall_at_1_t2i,none,0,replace,4,0,1,0.023163086673740233,0.46437419350415243,1000
openai_clip_l14,per_pair_recall_at_1_t2i,none,0,replace,4,0,2,-0.020489331127034834,0.5175108584335728,1000
openai_clip_l14,per_pair_recall_at_1_t2i,none,0,replace,4,1,2,-0.025646407027972187,0.41786574921227165,1000
openai_clip_l14,per_pair_recall_at_1_t2i,none,0,replace,5,0,1,-0.01702266374120489,0.5908051825784673,1000
openai_clip_l14,per_pair_recall_at_1_t2i,none,0,replace,5,0,2,0.04377256390595543,0.16662141703787245,1000
openai_clip_l14,per_pair_recall_at_1_t2i,none,0,replace,5,1,2,-0.014198782961460446,0.6538169411706451,1000
openai_clip_l14,per_pair_recall_at_1_t2i,none,0,shuffle,1,0,1,0.04855389918248185,0.12493281053547375,1000
openai_clip_l14,per_pair_recall_at_1_t2i,none,0,shuffle,1,0,2,-0.05981627888030281,0.058639788381692766,1000
openai_clip_l14,per_pair_recall_at_1_t2i,none,0,shuffle,1,1,2,-0.029784372731280526,0.3467585177996159,1000
openai_clip_l14,per_pair_recall_at_1_t2i,none,0,shuffle,2,0,1,0.05625607394521919,0.07537814947525666,1000
openai_clip_l14,per_pair_recall_at_1_t2i,none,0,shuffle,2,0,2,-0.025855020852372044,0.4140876133366271,1000
openai_clip_l14,per_pair_recall_at_1_t2i,none,0,shuffle,2,1,2,-0.03185510527592574,0.31425090923795646,1000
openai_clip_l14,per_pair_recall_at_1_t2i,none,0,shuffle,3,0,1,-0.0038072268076700094,0.904289120536034,1000
openai_clip_l14,per_pair_recall_at_1_t2i,none,0,shuffle,3,0,2,-0.0033282634061825174,0.9162825062664887,1000
openai_clip_l14,per_pair_recall_at_1_t2i,none,0,shuffle,3,1,2,0.005429790385751396,0.86383726814456,1000
openai_clip_l14,per_pair_recall_at_1_t2i,none,0,shuffle,4,0,1,-0.0014329921970897995,0.9639012348266746,1000
openai_clip_l14,per_pair_recall_at_1_t2i,none,0,shuffle,4,0,2,-0.03454151643834518,0.27515931206103345,1000
openai_clip_l14,per_pair_recall_at_1_t2i,none,0,shuffle,4,1,2,0.045833034764540266,0.14752863780626632,1000
openai_clip_l14,per_pair_recall_at_1_t2i,none,0,shuffle,5,0,1,0.05277731680749145,0.09530768876167296,1000
openai_clip_l14,per_pair_recall_at_1_t2i,none,0,shuffle,5,0,2,0.024128054112219157,0.44596885870561487,1000
openai_clip_l14,per_pair_recall_at_1_t2i,none,0,shuffle,5,1,2,-0.03300231851240572,0.29713189053944467,1000
openclip_l14_laion2b,per_pair_recall_at_1_i2t,cutout,1,none,0,0,1,0.005555858442822376,0.860707761664781,1000
openclip_l14_laion2b,per_pair_recall_at_1_i2t,cutout,1,none,0,0,2,-0.024852251758051138,0.4324327450609988,1000
openclip_l14_laion2b,per_pair_recall_at_1_i2t,cutout,1,none,0,1,2,-0.048108270367827624,0.1284369359627735,1000
openclip_l14_laion2b,per_pair_recall_at_1_i2t,cutout,2,none,0,0,1,0.06293304683816042,0.04663490205538571,1000
openclip_l14_laion2b,per_pair_recall_at_1_i2t,cutout,2,none,0,0,2,-0.047709263126110076,0.1316387557817504,1000
openclip_l14_laion2b,per_pair_recall_at_1_i2t,cutout,2,none,0,1,2,-0.03443546324490474,0.2766367637390253,1000
openclip_l14_laion2b,per_pair_recall_at_1_i2t,cutout,3,none,0,0,1,-0.040564827357677656,0.19994943451032562,1000
openclip_l14_laion2b,per_pair_recall_at_1_i2t,cutout,3,none,0,0,2,0.003964650253397405,0.9003518108909185,1000
openclip_l14_laion2b,per_pair_recall_at_1_i2t,cutout,3,none,0,1,2,-0.02807269167506195,0.3751860924561138,1000
openclip_l14_laion2b,per_pair_recall_at_1_i2t,cutout,4,none,0,0,1,0.01801036884474028,0.5694432267179254,1000
openclip_l14_laion2b,per_pair_recall_at_1_i2t,cutout,4,none,0,0,2,-0.046811628160260854,0.13906731731728472,1000
openclip_l14_laion2b,per_pair_recall_at_1_i2t,cutout,4,none,0,1,2,0.020323538568608447,0.520906166706211,1000
openclip_l14_laion2b,per_pair_recall_at_1_i2t,cutout,5,none,0,0,1,0.06051667140411106,0.05573970198665883,1000
openclip_l14_laion2b,per_pair_recall_at_1_i2t,cutout,5,none,0,0,2,0.03616145351138187,0.25325912554272617,1000
openclip_l14_laion2b,per_pair_recall_at_1_i2t,cutout,5,none,0,1,2,-0.015916242829769778,0.6151624629079785,1000
openclip_l14_laion2b,per_pair_recall_at_1_i2t,gaussian_blur,1,none,0,0,1,-0.013610914817768577,0.6672709291286316,1000
openclip_l14_laion2b,per_pair_recall_at_1_i2t,gaussian_blur,1,none,0,0,2,-0.014051252522024413,0.6571830060175337,1000
openclip_l14_laion2b,per_pair_recall_at_1_i2t,gaussian_blur,1,none,0,1,2,-0.009941057121447818,0.7535374398304564,1000
openclip_l14_laion2b,per_pair_recall_at_1_i2t,gaussian_blur,2,none,0,0,1,0.008146135990674978,0.7969583714171239,1000
openclip_l14_laion2b,per_pair_recall_at_1_i2t,gaussian_blur,2,none,0,0,2,0.005142495861478099,0.8709769493014482,1000
openclip_l14_laion2b,per_pair_recall_at_1_i2t,gaussian_blur,2,none,0,1,2,-0.020541184785252065,0.5164512868558593,1000
openclip_l14_laion2b,per_pair_recall_at_1_i2t,gaussian_blur,3,none,0,0,1,0.0111174122445889,0.7254873807640665,1000
openclip_l14_laion2b,per_pair_recall_at_1_i2t,gaussian_blur,3,none,0,0,2,0.03304989806605883,0.2964356041852192,1000
openclip_l14_laion2b,per_pair_recall_at_1_i2t,gaussian_blur,3,none,0,1,2,-0.022054822365131226,0.4860236348694296,1000
openclip_l14_laion2b,per_pair_recall_at_1_i2t,gaussian_blur,4,none,0,0,1,0.013035537172757763,0.6805433436196359,1000
openclip_l14_laion2b,per_pair_recall_at_1_i2t,gaussian_blur,4,none,0,0,2,0.002942301021156329,0.9259611128122991,1000
openclip_l14_laion2b,per_pair_recall_at_1_i2t,gaussian_blur,4,none,0,1,2,-0.01404537988035728,0.6573171410183021,1000
openclip_l14_laion2b,per_pair_recall_at_1_i2t,gaussian_blur,5,none,0,0,1,-0.014625572700884664,0.6441189940397924,1000
openclip_l14_laion2b,per_pair_recall_at_1_i2t,gaussian_blur,5,none,0,0,2,-0.02419228091082324,0.4447587312507888,1000
openclip_l14_laion2b,per_pair_recall_at_1_i2t,gaussian_blur,5,none,0,1,2,-0.006149176659177947,0.8460093637764182,1000
openclip_l14_laion2b,per_pair_recall_at_1_i2t,gaussian_noise,1,none,0,0,1,-0.0054941908316835505,0.8622383253292883,1000
openclip_l14_laion2b,per_pair_recall_at_1_i2t,gaussian_noise,1,none,0,0,2,-0.00941891597779081,0.766095231636092,1000
openclip_l14_laion2b,per_pair_recall_at_1_i2t,gaussian_noise,1,none,0,1,2,0.011828890934352545,0.7086962795113959,1000
openclip_l14_laion2b,per_pair_recall_at_1_i2t,gaussian_noise,2,none,0,0,1,0.006951193275145684,0.8262264986598603,1000
openclip_l14_laion2b,per_pair_recall_at_1_i2t,gaussian_noise,2,none,0,0,2,0.006119079155232318,0.8467537337080481,1000
openclip_l14_laion2b,per_pair_recall_at_1_i2t,gaussian_noise,2,none,0,1,2,0.018655614992153857,0.5556897089009089,1000
openclip_l14_laion2b,per_pair_recall_at_1_i2t,gaussian_noise,3,none,0,0,1,-0.00635489780572869,0.8409251864990868,1000
openclip_l14_laion2b,per_pair_recall_at_1_i2t,gaussian_noise,3,none,0,0,2,-0.0036689480069166986,0.9077495472690985,1000
openclip_l14_laion2b,per_pair_recall_at_1_i2t,gaussian_noise,3,none,0,1,2,0.009817448772186939,0.7565045546344373,1000
openclip_l14_laion2b,per_pair_recall_at_1_i2t,gaussian_noise,4,none,0,0,1,-0.009065223310411904,0.7746369671462909,1000
openclip_l14_laion2b,per_pair_recall_at_1_i2t,gaussian_noise,4,none,0,0,2,-0.016022719878339916,0.6127993251508556,1000
openclip_l14_laion2b,per_pair_recall_at_1_i2t,gaussian_noise,4,none,0,1,2,0.01629169927466348,0.606847550160509,1000
openclip_l14_laion2b,per_pair_recall_at_1_i2t,gaussian_noise,5,none,0,0,1,-0.016144396367560092,0.6101037674558714,1000
openclip_l14_laion2b,per_pair_recall_at_1_i2t,gaussian_noise,5,none,0,0,2,-0.03234653291395523,0.306839952759973,1000
openclip_l14_laion2b,per_pair_recall_at_1_i2t,gaussian_noise,5,none,0,1,2,-0.004959289622930229,0.875535413439796,1000
openclip_l14_laion2b,per_pair_recall_at_1_t2i,none,0,mask,1,0,1,0.02408970256462302,0.44669235031937143,1000
openclip_l14_laion2b,per_pair_recall_at_1_t2i,none,0,mask,1,0,2,-0.0016594944799749208,0.9582002339520983,1000
openclip_l14_laion2b,per_pair_recall_at_1_t2i,none,0,mask,1,1,2,-0.0524715238264917,0.09724433045698821,1000
openclip_l14_laion2b,per_pair_recall_at_1_t2i,none,0,mask,2,0,1,-0.04337175682514794,0.1705418320478839,1000
openclip_l14_laion2b,per_pair_recall_at_1_t2i,none,0,mask,2,0,2,-0.04169958403155842,0.1876441270159604,1000
openclip_l14_laion2b,per_pair_recall_at_1_t2i,none,0,mask,2,1,2,-0.03874859697340098,0.22085210388713328,1000
openclip_l14_laion2b,per_pair_recall_at_1_t2i,none,0,mask,3,0,1,0.021593888302451014,0.4951857285413149,1000
openclip_l14_laion2b,per_pair_recall_at_1_t2i,none,0,mask,3,0,2,-0.031050805374845208,0.32663164648935444,1000
openclip_l14_laion2b,per_pair_recall_at_1_t2i,none,0,mask,3,1,2,0.035670118197845053,0.25976953620863014,1000
openclip_l14_laion2b,per_pair_recall_at_1_t2i,none,0,mask,4,0,1,0.04164007504383411,0.1882752470326914,1000
openclip_l14_laion2b,per_pair_recall_at_1_t2i,none,0,mask,4,0,2,-0.043823472420793874,0.1661283471211287,1000
openclip_l14_laion2b,per_pair_recall_at_1_t2i,none,0,mask,4,1,2,-0.033045934267935756,0.2964935693481319,1000
openclip_l14_laion2b,per_pair_recall_at_1_t2i,none,0,mask,5,0,1,0.015860699208430865,0.6163967769105445,1000
openclip_l14_laion2b,per_pair_recall_at_1_t2i,none,0,mask,5,0,2,-0.0015098730664567157,0.9619659430471426,1000
openclip_l14_laion2b,per_pair_recall_at_1_t2i,none,0,mask,5,1,2,-0.02793791848987171,0.37748386314655796,1000
openclip_l14_laion2b,per_pair_recall_at_1_t2i,none,0,replace,1,0,1,0.031124696845781532,0.3254811967483474,1000
openclip_l14_laion2b,per_pair_recall_at_1_t2i,none,0,replace,1,0,2,0.01606672834882542,0.6118237778701735,1000
openclip_l14_laion2b,per_pair_recall_at_1_t2i,none,0,replace,1,1,2,-0.01631825531200577,0.6062613391326558,1000
openclip_l14_laion2b,per_pair_recall_at_1_t2i,none,0,replace,2,0,1,0.017840673132383442,0.5730870751351865,1000
openclip_l14_laion2b,per_pair_recall_at_1_t2i,none,0,replace,2,0,2,-0.04476233451928806,0.15723043623274655,1000
openclip_l14_laion2b,per_pair_recall_at_1_t2i,none,0,replace,2,1,2,-0.024548555810899184,0.43808004502853815,1000
openclip_l14_laion2b,per_pair_recall_at_1_t2i,none,0,replace,3,0,1,-0.014856396423994833,0.6388989459787814,1000
openclip_l14_laion2b,per_pair_recall_at_1_t2i,none,0,replace,3,0,2,-0.031827826386059764,0.31466570243466746,1000
openclip_l14_laion2b,per_pair_recall_at_1_t2i,none,0,replace,3,1,2,0.01619391225966986,0.6090083251807126,1000
openclip_l14_laion2b,per_pair_recall_at_1_t2i,none,0,replace,4,0,1,0.007697334318397367,0.8079199941599702,1000
openclip_l14_laion2b,per_pair_recall_at_1_t2i,none,0,replace,4,0,2,0.005477912050599617,0.862642444110408,1000
openclip_l14_laion2b,per_pair_recall_at_1_t2i,none,0,replace,4,1,2,-0.04664129715682223,0.14051262377921694,1000
openclip_l14_laion2b,per_pair_recall_at_1_t2i,none,0,replace,5,0,1,0.01741743003342886,0.5822231136186851,1000
openclip_l14_laion2b,per_pair_recall_at_1_t2i,none,0,replace,5,0,2,0.03403413482962297,0.28227658125452504,1000
openclip_l14_laion2b,per_pair_recall_at_1_t2i,none,0,replace,5,1,2,-0.016808594543930137,0.5954831330965579,1000
openclip_l14_laion2b,per_pair_recall_at_1_t2i,none,0,shuffle,1,0,1,-0.012813814568573972,0.6856846561142972,1000
openclip_l14_laion2b,per_pair_recall_at_1_t2i,none,0,shuffle,1,0,2,0.01494966100119109,0.6367948174562398,1000
openclip_l14_laion2b,per_pair_recall_at_1_t2i,none,0,shuffle,1,1,2,-0.006015981602758448,0.8493045682115258,1000
openclip_l14_laion2b,per_pair_recall_at_1_t2i,none,0,shuffle,2,0,1,0.008005872198317146,0.8003800186636171,1000
openclip_l14_laion2b,per_pair_recall_at_1_t2i,none,0,shuffle,2,0,2,-0.01967510552433079,0.5342947373097184,1000
openclip_l14_laion2b,per_pair_recall_at_1_t2i,none,0,shuffle,2,1,2,-0.043309004630685634,0.1711618269732218,1000
openclip_l14_laion2b,per_pair_recall_at_1_t2i,none,0,shuffle,3,0,1,-0.0066492601777348075,0.8336618941314395,1000
openclip_l14_laion2b,per_pair_recall_at_1_t2i,none,0,shuffle,3,0,2,0.027763557558578424,0.38046939026203985,1000
openclip_l14_laion2b,per_pair_recall_at_1_t2i,none,0,shuffle,3,1,2,-0.03578694589921953,0.25821113126158324,1000
openclip_l14_laion2b,per_pair_recall_at_1_t2i,none,0,shuffle,4,0,1,0.01853748900771068,0.558195430730016,1000
openclip_l14_laion2b,per_pair_recall_at_1_t2i,none,0,shuffle,4,0,2,-0.04848962405854127,0.12543358376507127,1000
openclip_l14_laion2b,per_pair_recall_at_1_t2i,none,0,shuffle,4,1,2,-0.020042553493128168,0.5266865778859203,1000
openclip_l14_laion2b,per_pair_recall_at_1_t2i,none,0,shuffle,5,0,1,0.006637339311375793,0.8339557666859047,1000
openclip_l14_laion2b,per_pair_recall_at_1_t2i,none,0,shuffle,5,0,2,-0.054530309149717224,0.08479353549386182,1000
openclip_l14_laion2b,per_pair_recall_at_1_t2i,none,0,shuffle,5,1,2,-0.03001671256170983,0.3430081719727113,1000
pecore_l14_336,per_pair_recall_at_1_i2t,cutout,1,none,0,0,1,0.006465685417220352,0.8381899174070281,1000
pecore_l14_336,per_pair_recall_at_1_i2t,cutout,1,none,0,0,2,0.02639022624550159,0.4044874576033855,1000
pecore_l14_336,per_pair_recall_at_1_i2t,cutout,1,none,0,1,2,-0.033475448180955755,0.29025653248237815,1000
pecore_l14_336,per_pair_recall_at_1_i2t,cutout,2,none,0,0,1,0.028865097836566964,0.3618514297301928,1000
pecore_l14_336,per_pair_recall_at_1_i2t,cutout,2,none,0,0,2,0.021817469484632545,0.49073008404331203,1000
pecore_l14_336,per_pair_recall_at_1_i2t,cutout,2,none,0,1,2,-0.020355065852549852,0.5202596304803929,1000
pecore_l14_336,per_pair_recall_at_1_i2t,cutout,3,none,0,0,1,0.06102287246226275,0.053718805554231856,1000
pecore_l14_336,per_pair_recall_at_1_i2t,cutout,3,none,0,0,2,0.06582466371805268,0.03741444633571608,1000
pecore_l14_336,per_pair_recall_at_1_i2t,cutout,3,none,0,1,2,-0.03413341123352419,0.2808742685530062,1000
pecore_l14_336,per_pair_recall_at_1_i2t,cutout,4,none,0,0,1,0.08455578916881269,0.007465418609995244,1000
pecore_l14_336,per_pair_recall_at_1_i2t,cutout,4,none,0,0,2,0.023519263378619825,0.4575319578906359,1000
pecore_l14_336,per_pair_recall_at_1_i2t,cutout,4,none,0,1,2,-0.07848681174621203,0.01303918212092507,1000
pecore_l14_336,per_pair_recall_at_1_i2t,cutout,5,none,0,0,1,0.07850154969845567,0.013022076216519215,1000
pecore_l14_336,per_pair_recall_at_1_i2t,cutout,5,none,0,0,2,0.05598490339432571,0.07679849942312292,1000
pecore_l14_336,per_pair_recall_at_1_i2t,cutout,5,none,0,1,2,-0.054725684147070186,0.08368211275545731,1000
pecore_l14_336,per_pair_recall_at_1_i2t,gaussian_blur,1,none,0,0,1,-0.014124635047267504,0.6555078317360811,1000
pecore_l14_336,per_pair_recall_at_1_i2t,gaussian_blur,1,none,0,0,2,0.015657939981402323,0.6209117566341834,1000
pecore_l14_336,per_pair_recall_at_1_i2t,gaussian_blur,1,none,0,1,2,-0.039298720956821596,0.21436202716036595,1000
pecore_l14_336,per_pair_recall_at_1_i2t,gaussian_blur,2,none,0,0,1,0.009542848278983029,0.7631088915601261,1000
pecore_l14_336,per_pair_recall_at_1_i2t,gaussian_blur,2,none,0,0,2,0.0019398295361431014,0.9511472635980587,1000
pecore_l14_336,per_pair_recall_at_1_i2t,gaussian_blur,2,none,0,1,2,-0.035305745334923755,0.26467174299352014,1000
pecore_l14_336,per_pair_recall_at_1_i2t,gaussian_blur,3,none,0,0,1,-0.0014272162165858858,0.9640466400225821,1000
pecore_l14_336,per_pair_recall_at_1_i2t,gaussian_blur,3,none,0,0,2,-0.0005014684114865292,0.9873636399122868,1000
pecore_l14_336,per_pair_recall_at_1_i2t,gaussian_blur,3,none,0,1,2,-0.032200218365574206,0.30903425852607913,1000
pecore_l14_336,per_pair_recall_at_1_i2t,gaussian_blur,4,none,0,0,1,-0.01302752483532726,0.6807288778461593,1000
pecore_l14_336,per_pair_recall_at_1_i2t,gaussian_blur,4,none,0,0,2,0.02881442674386179,0.36269514537286013,1000
pecore_l14_336,per_pair_recall_at_1_i2t,gaussian_blur,4,none,0,1,2,-0.034100962466044625,0.281332097838912,1000
pecore_l14_336,per_pair_recall_at_1_i2t,gaussian_blur,5,none,0,0,1,-0.016484055976818048,0.6026071071480528,1000
pecore_l14_336,per_pair_recall_at_1_i2t,gaussian_blur,5,none,0,0,2,-0.0023272799156210315,0.9414057728266274,1000
pecore_l14_336,per_pair_recall_at_1_i2t,gaussian_blur,5,none,0,1,2,-0.056489237218311006,0.07417406319733959,1000
pecore_l14_336,per_pair_recall_at_1_i2t,gaussian_noise,1,none,0,0,1,-0.018930159647727336,0.549887258125923,1000
pecore_l14_336,per_pair_recall_at_1_i2t,gaussian_noise,1,none,0,0,2,0.002902442765971165,0.9269612687385118,1000
pecore_l14_336,per_pair_recall_at_1_i2t,gaussian_noise,1,none,0,1,2,-0.03463832416258601,0.2738153644451697,1000
pecore_l14_336,per_pair_recall_at_1_i2t,gaussian_noise,2,none,0,0,1,-0.026000846036951554,0.4114586467941296,1000
pecore_l14_336,per_pair_recall_at_1_i2t,gaussian_noise,2,none,0,0,2,0.014951602909359376,0.6367510373390664,1000
pecore_l14_336,per_pair_recall_at_1_i2t,gaussian_noise,2,none,0,1,2,-0.03452259451491481,0.2754225228403135,1000
pecore_l14_336,per_pair_recall_at_1_i2t,gaussian_noise,3,none,0,0,1,-0.004980643875917291,0.8750038701442974,1000
pecore_l14_336,per_pair_recall_at_1_i2t,gaussian_noise,3,none,0,0,2,0.02116494684063075,0.5037939537823217,1000
pecore_l14_336,per_pair_recall_at_1_i2t,gaussian_noise,3,none,0,1,2,-0.07103592053662294,0.02467956465113221,1000
pecore_l14_336,per_pair_recall_at_1_i2t,gaussian_noise,4,none,0,0,1,0.01472022143712641,0.6419763859309654,1000
pecore_l14_336,per_pair_recall_at_1_i2t,gaussian_noise,4,none,0,0,2,0.011647609296910204,0.7129615591543611,1000
pecore_l14_336,per_pair_recall_at_1_i2t,gaussian_noise,4,none,0,1,2,-0.0718951157883675,0.022988701340661766,1000
pecore_l14_336,per_pair_recall_at_1_i2t,gaussian_noise,5,none,0,0,1,-0.005624711679192877,0.8589994711680402,1000
pecore_l14_336,per_pair_recall_at_1_i2t,gaussian_noise,5,none,0,0,2,-0.0077946240493197705,0.8055404912925994,1000
pecore_l14_336,per_pair_recall_at_1_i2t,gaussian_noise,5,none,0,1,2,-0.038312601567105226,0.2260947759719802,1000
pecore_l14_336,per_pair_recall_at_1_t2i,none,0,mask,1,0,1,0.03991628240483696,0.20724127065163928,1000
pecore_l14_336,per_pair_recall_at_1_t2i,none,0,mask,1,0,2,-0.019065328777240775,0.5470414756407973,1000
pecore_l14_336,per_pair_recall_at_1_t2i,none,0,mask,1,1,2,-0.07962784097046582,0.011772053780811463,1000
pecore_l14_336,per_pair_recall_at_1_t2i,none,0,mask,2,0,1,-0.01752172193702802,0.5799655931858321,1000
pecore_l14_336,per_pair_recall_at_1_t2i,none,0,mask,2,0,2,-0.054761555610252886,0.08347933756140122,1000
pecore_l14_336,per_pair_recall_at_1_t2i,none,0,mask,2,1,2,-0.044757590566751645,0.1572744712184204,1000
pecore_l14_336,per_pair_recall_at_1_t2i,none,0,mask,3,0,1,0.000365015073577776,0.990801908298497,1000
pecore_l14_336,per_pair_recall_at_1_t2i,none,0,mask,3,0,2,-0.02676992779511087,0.3977579519765299,1000
pecore_l14_336,per_pair_recall_at_1_t2i,none,0,mask,3,1,2,-0.0068474989356131655,0.8287783542030515,1000
pecore_l14_336,per_pair_recall_at_1_t2i,none,0,mask,4,0,1,0.028843190598723898,0.3622160525577158,1000
pecore_l14_336,per_pair_recall_at_1_t2i,none,0,mask,4,0,2,-0.021259146445465435,0.5018967723986684,1000
pecore_l14_336,per_pair_recall_at_1_t2i,none,0,mask,4,1,2,-0.02228337916671484,0.4815147429877368,1000
pecore_l14_336,per_pair_recall_at_1_t2i,none,0,mask,5,0,1,0.027041904336323124,0.3929793520426664,1000
pecore_l14_336,per_pair_recall_at_1_t2i,none,0,mask,5,0,2,0.014245986884529912,0.6527414121171157,1000
pecore_l14_336,per_pair_recall_at_1_t2i,none,0,mask,5,1,2,0.01686463119453553,0.5942569618242176,1000
pecore_l14_336,per_pair_recall_at_1_t2i,none,0,replace,1,0,1,0.08789497355002639,0.005412645476408364,1000
pecore_l14_336,per_pair_recall_at_1_t2i,none,0,replace,1,0,2,-0.03729411571041069,0.23868565008113096,1000
pecore_l14_336,per_pair_recall_at_1_t2i,none,0,replace,1,1,2,-0.04714446884868339,0.1362760945035396,1000
pecore_l14_336,per_pair_recall_at_1_t2i,none,0,replace,2,0,1,-0.02695389441376335,0.3945218622859247,1000
pecore_l14_336,per_pair_recall_at_1_t2i,none,0,replace,2,0,2,0.014750752666327511,0.6412858692981431,1000
pecore_l14_336,per_pair_recall_at_1_t2i,none,0,replace,2,1,2,-0.0040421479547428935,0.8984144127190559,1000
pecore_l14_336,per_pair_recall_at_1_t2i,none,0,replace,3,0,1,0.05116680843175883,0.10586271174153229,1000
pecore_l14_336,per_pair_recall_at_1_t2i,none,0,replace,3,0,2,-0.0037136725951500272,0.9066301200243978,1000
pecore_l14_336,per_pair_recall_at_1_t2i,none,0,replace,3,1,2,-0.027817985198955293,0.37953589168299795,1000
pecore_l14_336,per_pair_recall_at_1_t2i,none,0,replace,4,0,1,-0.007635731047305941,0.8094276004552016,1000
pecore_l14_336,per_pair_recall_at_1_t2i,none,0,replace,4,0,2,-0.008227563305787972,0.7949737846618115,1000
pecore_l14_336,per_pair_recall_at_1_t2i,none,0,replace,4,1,2,-0.04699971545434175,0.13748465313527836,1000
pecore_l14_336,per_pair_recall_at_1_t2i,none,0,replace,5,0,1,0.010006450680772714,0.7519691876757545,1000
pecore_l14_336,per_pair_recall_at_1_t2i,none,0,replace,5,0,2,0.10794796884794072,0.0006277297733367762,1000
pecore_l14_336,per_pair_recall_at_1_t2i,none,0,replace,5,1,2,-0.02017735978024908,0.5239092735313955,1000
pecore_l14_336,per_pair_recall_at_1_t2i,none,0,shuffle,1,0,1,0.05738735059834745,0.06968193155908482,1000
pecore_l14_336,per_pair_recall_at_1_t2i,none,0,shuffle,1,0,2,-0.041288927487700695,0.19203118844917932,1000
pecore_l14_336,per_pair_recall_at_1_t2i,none,0,shuffle,1,1,2,-0.03936005354529114,0.2136470553803696,1000
pecore_l14_336,per_pair_recall_at_1_t2i,none,0,shuffle,2,0,1,0.02165060745579936,0.49405336034531644,1000
pecore_l14_336,per_pair_recall_at_1_t2i,none,0,shuffle,2,0,2,-0.08693093110436234,0.005945573409380797,1000
pecore_l14_336,per_pair_recall_at_1_t2i,none,0,shuffle,2,1,2,-0.06491798498887405,0.04012258382739777,1000
pecore_l14_336,per_pair_recall_at_1_t2i,none,0,shuffle,3,0,1,0.033803324556980784,0.28555514972968365,1000
pecore_l14_336,per_pair_recall_at_1_t2i,none,0,shuffle,3,0,2,-0.07299815390545626,0.020965917277268115,1000
pecore_l14_336,per_pair_recall_at_1_t2i,none,0,shuffle,3,1,2,-0.07025570706353518,0.026307140202049467,1000
pecore_l14_336,per_pair_recall_at_1_t2i,none,0,shuffle,4,0,1,0.055465183397176904,0.07958157760536284,1000
pecore_l14_336,per_pair_recall_at_1_t2i,none,0,shuffle,4,0,2,-0.030463278150950828,0.33587285303395287,1000
pecore_l14_336,per_pair_recall_at_1_t2i,none,0,shuffle,4,1,2,-0.008585026103442334,0.7862773506157898,1000
pecore_l14_336,per_pair_recall_at_1_t2i,none,0,shuffle,5,0,1,0.03641427922897772,0.24995365917750903,1000
pecore_l14_336,per_pair_recall_at_1_t2i,none,0,shuffle,5,0,2,-0.05252161801233321,0.09692494072134532,1000
pecore_l14_336,per_pair_recall_at_1_t2i,none,0,shuffle,5,1,2,-0.011947037014533122,0.7059213740903595,1000
siglip2_so400m_384,per_pair_recall_at_1_i2t,cutout,1,none,0,0,1,0.028124346890004707,0.374307706324591,1000
siglip2_so400m_384,per_pair_recall_at_1_i2t,cutout,1,none,0,0,2,0.024325722234782007,0.44225048900185954,1000
siglip2_so400m_384,per_pair_recall_at_1_i2t,cutout,1,none,0,1,2,-0.027762341408976477,0.3804902647441474,1000
siglip2_so400m_384,per_pair_recall_at_1_i2t,cutout,2,none,0,0,1,0.015548094589278891,0.6233637420014726,1000
siglip2_so400m_384,per_pair_recall_at_1_i2t,cutout,2,none,0,0,2,0.021896612127435256,0.48915805888778385,1000
siglip2_so400m_384,per_pair_recall_at_1_i2t,cutout,2,none,0,1,2,-0.050709155600947964,0.10902525109908277,1000
siglip2_so400m_384,per_pair_recall_at_1_i2t,cutout,3,none,0,0,1,0.043682043886479414,0.1675008525287185,1000
siglip2_so400m_384,per_pair_recall_at_1_i2t,cutout,3,none,0,0,2,0.036590418746466714,0.24766865473669028,1000
siglip2_so400m_384,per_pair_recall_at_1_i2t,cutout,3,none,0,1,2,-0.01890978668568433,0.5503168109524735,1000
siglip2_so400m_384,per_pair_recall_at_1_i2t,cutout,4,none,0,0,1,0.013931177243424929,0.6599277911878879,1000
siglip2_so400m_384,per_pair_recall_at_1_i2t,cutout,4,none,0,0,2,-0.038500119611234486,0.2238291778473148,1000
siglip2_so400m_384,per_pair_recall_at_1_i2t,cutout,4,none,0,1,2,-0.002123830581872693,0.9465200094623626,1000
siglip2_so400m_384,per_pair_recall_at_1_i2t,cutout,5,none,0,0,1,0.06103769035214114,0.05366058090830197,1000
siglip2_so400m_384,per_pair_recall_at_1_i2t,cutout,5,none,0,0,2,0.024209779599371626,0.44442935467093286,1000
siglip2_so400m_384,per_pair_recall_at_1_i2t,cutout,5,none,0,1,2,-0.03595807338274137,0.2559401065189544,1000
siglip2_so400m_384,per_pair_recall_at_1_i2t,gaussian_blur,1,none,0,0,1,-0.020262537720082144,0.5221582951603573,1000
siglip2_so400m_384,per_pair_recall_at_1_i2t,gaussian_blur,1,none,0,0,2,-0.007735926479077483,0.8069758971661708,1000
siglip2_so400m_384,per_pair_recall_at_1_i2t,gaussian_blur,1,none,0,1,2,-0.02600418877628908,0.411398499386695,1000
siglip2_so400m_384,per_pair_recall_at_1_i2t,gaussian_blur,2,none,0,0,1,-0.0033903637233681358,0.9147263630104888,1000
siglip2_so400m_384,per_pair_recall_at_1_i2t,gaussian_blur,2,none,0,0,2,0.022389146157022775,0.47943592544153285,1000
siglip2_so400m_384,per_pair_recall_at_1_i2t,gaussian_blur,2,none,0,1,2,-0.04359170440430969,0.16838200057363106,1000
siglip2_so400m_384,per_pair_recall_at_1_i2t,gaussian_blur,3,none,0,0,1,-0.02245255633704828,0.4781919664872407,1000
siglip2_so400m_384,per_pair_recall_at_1_i2t,gaussian_blur,3,none,0,0,2,0.02591540869407909,0.41299772710144844,1000
siglip2_so400m_384,per_pair_recall_at_1_i2t,gaussian_blur,3,none,0,1,2,-0.04239869318401313,0.18034617536250963,1000
siglip2_so400m_384,per_pair_recall_at_1_i2t,gaussian_blur,4,none,0,0,1,-0.0205926955268798,0.5153998352179837,1000
siglip2_so400m_384,per_pair_recall_at_1_i2t,gaussian_blur,4,none,0,0,2,0.02156209837068829,0.4958210027394171,1000
siglip2_so400m_384,per_pair_recall_at_1_i2t,gaussian_blur,4,none,0,1,2,-0.017621388115217726,0.5778120389572201,1000
siglip2_so400m_384,per_pair_recall_at_1_i2t,gaussian_blur,5,none,0,0,1,0.02834566546156448,0.37055862602706724,1000
siglip2_so400m_384,per_pair_recall_at_1_i2t,gaussian_blur,5,none,0,0,2,-0.00015489171209715776,0.9960967803488712,1000
siglip2_so400m_384,per_pair_recall_at_1_i2t,gaussian_blur,5,none,0,1,2,-0.004892649991917406,0.8771945454513452,1000
siglip2_so400m_384,per_pair_recall_at_1_i2t,gaussian_noise,1,none,0,0,1,-0.015559718573766177,0.6231040717300285,1000
siglip2_so400m_384,per_pair_recall_at_1_i2t,gaussian_noise,1,none,0,0,2,0.02299164004148166,0.46768788591426697,1000
siglip2_so400m_384,per_pair_recall_at_1_i2t,gaussian_noise,1,none,0,1,2,-0.0354746621961049,0.2623913057639721,1000
siglip2_so400m_384,per_pair_recall_at_1_i2t,gaussian_noise,2,none,0,0,1,-0.017607991550659872,0.5781012888531147,1000
siglip2_so400m_384,per_pair_recall_at_1_i2t,gaussian_noise,2,none,0,0,2,0.04737879704915757,0.13433704641474417,1000
siglip2_so400m_384,per_pair_recall_at_1_i2t,gaussian_noise,2,none,0,1,2,-0.03534943639622033,0.2640805946964591,1000
siglip2_so400m_384,per_pair_recall_at_1_i2t,gaussian_noise,3,none,0,0,1,-0.03547561099617929,0.26237853501612823,1000
siglip2_so400m_384,per_pair_recall_at_1_i2t,gaussian_noise,3,none,0,0,2,0.024149623372818382,0.44556225338655586,1000
siglip2_so400m_384,per_pair_recall_at_1_i2t,gaussian_noise,3,none,0,1,2,-0.06730213962315824,0.03333444637536119,1000
siglip2_so400m_384,per_pair_recall_at_1_i2t,gaussian_noise,4,none,0,0,1,-0.02347612766242337,0.4583575852917472,1000
siglip2_so400m_384,per_pair_recall_at_1_i2t,gaussian_noise,4,none,0,0,2,0.019027538221022558,0.5478363653902222,1000
siglip2_so400m_384,per_pair_recall_at_1_i2t,gaussian_noise,4,none,0,1,2,-0.07676665913379419,0.015177217283189897,1000
siglip2_so400m_384,per_pair_recall_at_1_i2t,gaussian_noise,5,none,0,0,1,-0.014569749428535339,0.6453840789899159,1000
siglip2_so400m_384,per_pair_recall_at_1_i2t,gaussian_noise,5,none,0,0,2,-0.036689133062312695,0.24639446710936086,1000
siglip2_so400m_384,per_pair_recall_at_1_i2t,gaussian_noise,5,none,0,1,2,-0.040699981588369794,0.19845369170648047,1000
siglip2_so400m_384,per_pair_recall_at_1_t2i,none,0,mask,1,0,1,0.0001055645473069611,0.9973398028294039,1000
siglip2_so400m_384,per_pair_recall_at_1_t2i,none,0,mask,1,0,2,-0.022938800748947916,0.4687117864468115,1000
siglip2_so400m_384,per_pair_recall_at_1_t2i,none,0,mask,1,1,2,-0.038216633447493445,0.22726056633568417,1000
siglip2_so400m_384,per_pair_recall_at_1_t2i,none,0,mask,2,0,1,-0.06203714714667873,0.04985307625108663,1000
siglip2_so400m_384,per_pair_recall_at_1_t2i,none,0,mask,2,0,2,-0.037129298988215646,0.24076873509570568,1000
siglip2_so400m_384,per_pair_recall_at_1_t2i,none,0,mask,2,1,2,-0.03872978186674581,0.2210765358459225,1000
siglip2_so400m_384,per_pair_recall_at_1_t2i,none,0,mask,3,0,1,0.017862583521865063,0.5726159765172686,1000
siglip2_so400m_384,per_pair_recall_at_1_t2i,none,0,mask,3,0,2,-0.027352871097971614,0.38755846960570095,1000
siglip2_so400m_384,per_pair_recall_at_1_t2i,none,0,mask,3,1,2,-0.06296552225539938,0.046521604555036976,1000
siglip2_so400m_384,per_pair_recall_at_1_t2i,none,0,mask,4,0,1,0.010586825182454952,0.7380962577663129,1000
siglip2_so400m_384,per_pair_recall_at_1_t2i,none,0,mask,4,0,2,-0.00361408739124463,0.9091229223079151,1000
siglip2_so400m_384,per_pair_recall_at_1_t2i,none,0,mask,4,1,2,-0.06537638151858391,0.038733346264428065,1000
siglip2_so400m_384,per_pair_recall_at_1_t2i,none,0,mask,5,0,1,-0.015917155748982472,0.6151421846974375,1000
siglip2_so400m_384,per_pair_recall_at_1_t2i,none,0,mask,5,0,2,0.03809570950562038,0.22873559632798546,1000
siglip2_so400m_384,per_pair_recall_at_1_t2i,none,0,mask,5,1,2,0.02910400854370528,0.3578899358431444,1000
siglip2_so400m_384,per_pair_recall_at_1_t2i,none,0,replace,1,0,1,-0.016252283455868877,0.607718100172112,1000
siglip2_so400m_384,per_pair_recall_at_1_t2i,none,0,replace,1,0,2,-0.01536185710269756,0.627530492360736,1000
siglip2_so400m_384,per_pair_recall_at_1_t2i,none,0,replace,1,1,2,0.005586096710438478,0.8599574512961471,1000
siglip2_so400m_384,per_pair_recall_at_1_t2i,none,0,replace,2,0,1,-0.03170277927375929,0.3165717222847357,1000
siglip2_so400m_384,per_pair_recall_at_1_t2i,none,0,replace,2,0,2,-0.004221232677770396,0.8939397282444653,1000
siglip2_so400m_384,per_pair_recall_at_1_t2i,none,0,replace,2,1,2,-0.015862347645727696,0.6163601290159489,1000
siglip2_so400m_384,per_pair_recall_at_1_t2i,none,0,replace,3,0,1,-0.004344453740742783,0.8908628235638294,1000
siglip2_so400m_384,per_pair_recall_at_1_t2i,none,0,replace,3,0,2,-0.03478622101660545,0.2717708262866747,1000
siglip2_so400m_384,per_pair_recall_at_1_t2i,none,0,replace,3,1,2,0.02528408419748353,0.42447563262774096,1000
siglip2_so400m_384,per_pair_recall_at_1_t2i,none,0,replace,4,0,1,-0.04003782931795576,0.20586020232663124,1000
siglip2_so400m_384,per_pair_recall_at_1_t2i,none,0,replace,4,0,2,-0.041192709159854485,0.19306989639688063,1000
siglip2_so400m_384,per_pair_recall_at_1_t2i,none,0,replace,4,1,2,-0.016521424660494253,0.601784874196111,1000
siglip2_so400m_384,per_pair_recall_at_1_t2i,none,0,replace,5,0,1,-0.03299329236918886,0.29726410359139577,1000
siglip2_so400m_384,per_pair_recall_at_1_t2i,none,0,replace,5,0,2,0.03505267068918875,0.2681138016621583,1000
siglip2_so400m_384,per_pair_recall_at_1_t2i,none,0,replace,5,1,2,0.041219179883605093,0.19278372628851936,1000
siglip2_so400m_384,per_pair_recall_at_1_t2i,none,0,shuffle,1,0,1,-0.041852274239257886,0.1860319130976927,1000
siglip2_so400m_384,per_pair_recall_at_1_t2i,none,0,shuffle,1,0,2,-0.025394824088324823,0.4224489486396146,1000
siglip2_so400m_384,per_pair_recall_at_1_t2i,none,0,shuffle,1,1,2,-0.02072334874312009,0.5127378906016116,1000
siglip2_so400m_384,per_pair_recall_at_1_t2i,none,0,shuffle,2,0,1,-0.026057731018948257,0.4104358001210172,1000
siglip2_so400m_384,per_pair_recall_at_1_t2i,none,0,shuffle,2,0,2,-0.04222925665039365,0.18209528062021002,1000
siglip2_so400m_384,per_pair_recall_at_1_t2i,none,0,shuffle,2,1,2,-0.04071795853497927,0.19825535924909302,1000
siglip2_so400m_384,per_pair_recall_at_1_t2i,none,0,shuffle,3,0,1,-0.01160113274164309,0.7140565326191418,1000
siglip2_so400m_384,per_pair_recall_at_1_t2i,none,0,shuffle,3,0,2,-0.021271436237834715,0.5016495345081482,1000
siglip2_so400m_384,per_pair_recall_at_1_t2i,none,0,shuffle,3,1,2,0.01240286748623122,0.6952520856386986,1000
siglip2_so400m_384,per_pair_recall_at_1_t2i,none,0,shuffle,4,0,1,0.023346347724713383,0.46084662689242667,1000
siglip2_so400m_384,per_pair_recall_at_1_t2i,none,0,shuffle,4,0,2,-0.0791288303546669,0.012312141534582068,1000
siglip2_so400m_384,per_pair_recall_at_1_t2i,none,0,shuffle,4,1,2,-0.003845323298506945,0.9033360719009021,1000
siglip2_so400m_384,per_pair_recall_at_1_t2i,none,0,shuffle,5,0,1,0.02782503176126386,0.37941513769597274,1000
siglip2_so400m_384,per_pair_recall_at_1_t2i,none,0,shuffle,5,0,2,-0.07183040096113572,0.023112463626941727,1000
siglip2_so400m_384,per_pair_recall_at_1_t2i,none,0,shuffle,5,1,2,-0.040370954252482716,0.20210934336399955,1000
